domain,count,avg_score,avg_comments
youtube.com,216,5.0,4.2
timesofindia.indiatimes.com,163,4.2,3.1
thehindu.com,110,7.0,4.1
news.bbc.co.uk,95,13.0,4.3
the-diplomat.com,91,3.2,1.7
ndtv.com,77,4.3,1.5
greencitizens.net,69,1.7,1.2
bbc.co.uk,63,11.5,5.1
imgur.com,62,10.7,6.9
tehelka.com,61,8.4,2.4
hindustantimes.com,53,4.9,1.6
indianexpress.com,53,6.7,5.0
reddit.com,51,7.2,5.1
i.imgur.com,51,12.6,8.3
thebetterindia.com,46,2.6,0.3
nytimes.com,44,6.5,2.7
guardian.co.uk,44,12.3,7.7
ibnlive.in.com,40,2.9,0.9
beta.thehindu.com,33,6.0,1.0
paycheck.in,31,0.9,0.0
365companies.com,30,1.0,0.0
economictimes.indiatimes.com,28,3.7,1.3
dnaindia.com,24,5.3,3.0
allindiatoday.com,24,1.2,0.0
en.wikipedia.org,23,11.8,4.5
indiareport.com,23,1.0,0.0
expressbuzz.com,22,1.1,0.5
sonyvellayani.com,20,1.0,0.0
thecurrentaffairs.com,19,0.9,0.0
google.com,19,4.2,2.2
india-jobs-opening.blogspot.com,19,1.0,0.1
iwabs.com,19,1.4,0.4
anigalla.net,18,1.0,0.1
online.wsj.com,18,3.6,1.2
careers-india.com,17,1.0,0.0
outlookindia.com,16,10.9,6.1
businessweek.com,16,1.1,0.1
news.chennaionline.com,15,0.9,0.0
changemakers123.blogspot.com,15,1.1,0.5
openthemagazine.com,14,13.1,11.6
investmoneyinindia.com,14,0.9,0.0
bit.ly,13,2.2,1.7
blogs.wsj.com,13,6.2,2.5
independent.co.uk,12,11.6,3.8
nobribe.org,11,4.2,1.8
atimes.com,11,4.2,1.1
economist.com,11,5.8,1.4
business-standard.com,11,3.4,2.8
hunt4career.com,10,0.9,0.0
telegraph.co.uk,10,5.9,1.6
walkthroughindia.com,10,1.0,0.1
hindu.com,10,1.6,0.1
wp.me,10,1.1,0.3
qualitypoint.blogspot.com,10,1.0,0.0
edition.cnn.com,9,7.8,0.9
washingtonpost.com,9,5.6,2.0
twittley.com,9,1.0,0.0
blogs.timesofindia.indiatimes.com,9,5.9,4.8
techbusy.org,9,2.3,0.2
jalam1001.posterous.com,8,3.1,0.6
keralatub.blogspot.com,8,1.0,0.5
cnn.com,8,6.5,1.0
in.news.yahoo.com,8,4.5,3.6
breakingnewsonline.net,8,3.4,1.0
polltics.org,8,3.9,0.3
dawn.com,8,2.5,1.0
razzil.com,8,1.0,0.0
links.org.au,7,0.4,2.3
rajthackeray.info,7,0.7,0.1
huffingtonpost.com,7,6.6,3.3
newsofdelhi.com,7,0.7,2.4
theage.com.au,7,11.4,3.1
livemint.com,7,10.1,6.1
time.com,7,4.0,3.6
deccanherald.com,7,9.7,0.9
facebook.com,7,2.6,0.6
english.aljazeera.net,7,7.7,2.9
dailymail.co.uk,6,4.3,1.8
rediff.com,6,2.3,2.8
abc.net.au,6,10.2,2.3
in.reuters.com,6,4.8,1.2
chicksgonetech.com,6,1.0,0.0
businessnewsthisweek.com,6,1.0,0.0
indodiaries.com,6,0.7,1.2
boston.com,6,6.5,0.7
reuters.com,6,7.2,1.3
npr.org,6,9.2,3.7
slate.com,6,17.3,8.8
rowlands.maars.net,6,0.7,0.0
celewood.com,6,0.8,0.0
hottopicsonline.info,5,0.6,0.4
telegraphindia.com,5,7.8,2.4
latestpoint.com,5,1.0,0.0
articlesaboutmen.com,5,2.2,1.8
sify.com,5,4.8,2.4
ashout.com,5,1.0,0.0
theglobeandmail.com,5,0.8,0.0
ptinews.com,5,10.8,1.8
news.rediff.com,5,3.4,0.0
ashitvora.info,5,1.0,0.0
